facility_id,facility_name,county,hospital_type,teaching_rural,bed_size_category,licensed_beds,staffed_beds,occupied_beds,patient_days,discharges,operating_expense,net_patient_revenue,net_income,flag_zero_patient_days,flag_zero_beds,flag_negative_income
106580996,ADVENTIST HEALTH AND RIDEOUT,Yuba,Comparable,Non-Teaching,200 - 299,221,151,147.885245901639,54126,11372,525727747,482851282,-48743941,False,False,True
106150788,ADVENTIST HEALTH BAKERSFIELD,Kern,Comparable,Non-Teaching,300 - 499,301,198,198.631147540984,72699,17945,704834525,698464738,-5197092,False,False,True
106171049,ADVENTIST HEALTH CLEARLAKE,Lake,Comparable,Rural,1 - 49,25,18,15.658469945355192,5731,1497,209729803,183332113,-17011138,False,False,True
106150706,ADVENTIST HEALTH DELANO,Kern,Comparable,Non-Teaching,150 - 199,156,69,64.19672131147541,23496,2614,111157919,100703448,220351,False,False,False
106190323,ADVENTIST HEALTH GLENDALE,Los Angeles,Comparable,Non-Teaching,500 +,515,313,310.866120218579,113777,19036,615072638,563092249,-44826471,False,False,True
106164029,ADVENTIST HEALTH HANFORD,Kings,Comparable,Rural,200 - 299,235,109,107.732240437158,39430,9362,412674347,445593212,59311661,False,False,False
106234038,ADVENTIST HEALTH HOWARD MEMORIAL,Mendocino,Comparable,Rural,1 - 49,25,15,14.3087431693989,5237,1272,96829911,92431590,2313284,False,False,False
106390923,ADVENTIST HEALTH LODI MEMORIAL,San Joaquin,Comparable,Non-Teaching,150 - 199,194,97,93.42349726775956,34193,7626,287698811,287645682,9117874,False,False,False
106231013,ADVENTIST HEALTH MENDOCINO COAST,Mendocino,Comparable,Rural,1 - 49,25,13,12.1693989071038,4454,874,92414574,80173947,-10986428,False,False,True
106100797,ADVENTIST HEALTH REEDLEY,Fresno,Comparable,Rural,1 - 49,49,16,14.8005464480874,5417,1642,238959958,223863588,110974,False,False,False
106400524,ADVENTIST HEALTH SIERRA VISTA,San Luis Obispo,Comparable,Non-Teaching,150 - 199,162,71,64.26775956284152,23522,4685,190932195,194253042,289367,False,False,False
106560525,ADVENTIST HEALTH SIMI VALLEY,Ventura,Comparable,Non-Teaching,100 - 149,144,81,79.2021857923497,28988,6577,233720744,214002519,-24944175,False,False,True
106554011,ADVENTIST HEALTH SONORA - GREENLEY,Tuolumne,Comparable,Rural,150 - 199,152,104,101.513661202186,37154,3964,335535894,327880035,16063144,False,False,False
106281078,ADVENTIST HEALTH ST. HELENA,Napa,Comparable,Non-Teaching,100 - 149,141,55,55.86338797814208,20446,3548,272860824,258697752,-21851824,False,False,True
106154168,ADVENTIST HEALTH TEHACHAPI VALLEY,Kern,Comparable,Rural,1 - 49,25,13,11.8934426229508,4353,1232,72362058,68123311,1767270,False,False,False
106540816,ADVENTIST HEALTH TULARE,Tulare,Comparable,Non-Teaching,50 - 99,73,22,20.0601092896175,7342,1851,104660950,76075744,-20928360,False,False,True
106400548,ADVENTIST HEALTH TWIN CITIES,San Luis Obispo,Comparable,Rural,100 - 149,122,62,48.1803278688525,17634,3970,128893451,143996970,14461372,False,False,False
106231396,ADVENTIST HEALTH UKIAH VALLEY,Mendocino,Comparable,Rural,50 - 99,50,43,34.3060109289617,12556,3789,276894769,259493422,-8127628,False,False,True
106481015,ADVENTIST HEALTH VALLEJO,Solano,Comparable,Non-Teaching,50 - 99,61,58,52.43715846994535,19192,2283,37031367,35769377,-395003,False,False,True
106190878,ADVENTIST HEALTH WHITE MEMORIAL,Los Angeles,Comparable,Teaching,500 +,545,275,270.147540983607,98874,19317,671205810,623958956,8292802,False,False,False
106301098,AHMC ANAHEIM REGIONAL MEDICAL CENTER,Orange,Comparable,Non-Teaching,200 - 299,223,78,76.4344262295082,27975,6630,196524025,178332676,-16329194,False,False,True
106410817,AHMC SETON MEDICAL CENTER,San Mateo,Comparable,Non-Teaching,300 - 499,475,180,175.513661202186,64238,2890,196913904,160737125,-31065868,False,False,True
106010735,ALAMEDA HOSPITAL,Alameda,Comparable,Non-Teaching,200 - 299,247,199,197.062841530055,72125,3098,170961094,116331804,-49049666,False,False,True
106190017,ALHAMBRA HOSPITAL MEDICAL CENTER,Los Angeles,Comparable,Non-Teaching,100 - 149,144,91,85.87158469945356,31429,4163,278161273,281742308,9964096,False,False,False
106304589,ALISO RIDGE BEHAVIORAL HEALTH,Orange,Comparable,Non-Teaching,100 - 149,119,96,95.7021857923497,35027,3639,38245406,38373079,318422,False,False,False
106010739,ALTA BATES SUMMIT MEDICAL CENTER - ALTA BATES CAMPUS,Alameda,Comparable,Non-Teaching,300 - 499,393,219,198.379781420765,72607,12323,799988209,764442425,5471817,False,False,False
106010937,ALTA BATES SUMMIT MEDICAL CENTER - SUMMIT HAWTHORNE,Alameda,Comparable,Non-Teaching,300 - 499,309,211,191.546448087432,70106,12343,637946253,593502188,-18510943,False,False,True
106370749,ALVARADO PARKWAY INSTITUTE BHS,San Diego,Comparable,Non-Teaching,50 - 99,66,61,62.1939890710383,22763,2199,38541665,38501014,406233,False,False,False
106194010,AMERICAN RECOVERY CENTER,Los Angeles,Comparable,Non-Teaching,150 - 199,173,76,78.21857923497268,28628,1089,9396875,10079192,682317,False,False,False
106301097,ANAHEIM COMMUNITY HOSPITAL,Orange,Comparable,Non-Teaching,50 - 99,98,89,87.4180327868852,31995,1698,41270697,38515775,167850,False,False,False
106301188,ANAHEIM GLOBAL MEDICAL CENTER,Orange,Comparable,Non-Teaching,150 - 199,183,101,92.7021857923497,33929,3273,84536699,73413288,-10910826,False,False,True
106190034,ANTELOPE VALLEY MEDICAL CENTER,Los Angeles,Comparable,Non-Teaching,300 - 499,420,264,243.207650273224,89014,18740,519052166,514016380,13834459,False,False,False
106364231,ARROWHEAD REGIONAL MEDICAL CENTER,San Bernardino,Comparable,Teaching,300 - 499,456,373,366.256830601093,134050,21046,848960502,775591350,50537274,False,False,False
106400683,ATASCADERO STATE HOSPITAL,San Luis Obispo,State,Non-Teaching,500 +,1275,1035,1047.77595628415,383486,1029,326308707,380557267,54252301,False,False,False
106494048,AURORA BEHAVIORAL HEALTHCARE - SANTA ROSA,Sonoma,Comparable,Non-Teaching,100 - 149,144,98,97.9590163934426,35853,3515,57579284,57651178,97063,False,False,False
106190163,AURORA CHARTER OAK,Los Angeles,Comparable,Non-Teaching,100 - 149,146,146,144.510928961749,52891,6855,58598588,56338201,-2230966,False,False,True
106190462,AURORA LAS ENCINAS HOSPITAL,Los Angeles,Comparable,Non-Teaching,100 - 149,118,105,104.945355191257,38410,2161,39018811,43283585,4356201,False,False,False
106374024,AURORA SAN DIEGO,San Diego,Comparable,Non-Teaching,100 - 149,101,86,85.5109289617486,31297,2489,38684304,42093219,3435723,False,False,False
106560203,AURORA VISTA DEL MAR HOSPITAL,Ventura,Comparable,Non-Teaching,50 - 99,87,19,18.1366120218579,6638,931,27323696,8009255,-19301423,False,False,True
106154044,BAKERSFIELD BEHAVIORAL HEALTHCARE HOSPITAL,Kern,Comparable,Non-Teaching,50 - 99,90,76,75.3743169398907,27587,3272,35017543,32891053,325423,False,False,False
106150722,BAKERSFIELD MEMORIAL HOSPITAL,Kern,Comparable,Non-Teaching,300 - 499,385,208,197.016393442623,72108,16366,627118767,711505086,147082200,False,False,False
106364121,BALLARD REHABILITATION HOSPITAL,San Bernardino,Comparable,Non-Teaching,50 - 99,60,37,36.7950819672131,13467,914,27232547,26749631,-438985,False,False,True
106184008,BANNER LASSEN MEDICAL CENTER,Lassen,Comparable,Rural,1 - 49,25,8,7.592896174863388,2779,730,50014075,43108231,-6867166,False,False,True
106190052,BARLOW RESPIRATORY HOSPITAL,Los Angeles,Comparable,Non-Teaching,100 - 149,105,87,79.1939890710383,28985,712,75596381,72251266,-809643,False,False,True
106364430,BARSTOW COMMUNITY HOSPITAL,San Bernardino,Comparable,Rural,1 - 49,30,19,17.0792349726776,6251,1802,69538723,81240339,11924307,False,False,False
106090793,BARTON MEMORIAL HOSPITAL,El Dorado,Comparable,Rural,100 - 149,111,62,59.6612021857923,21836,1791,173285679,214143810,15859770,False,False,False
106361110,BEAR VALLEY COMMUNITY HOSPITAL,San Bernardino,Comparable,Rural,1 - 49,30,23,22.7704918032787,8334,384,40294387,33860006,5407235,False,False,False
106190020,BHC ALHAMBRA HOSPITAL,Los Angeles,Comparable,Non-Teaching,50 - 99,97,97,91.2404371584699,33394,4371,28679315,45911377,16992664,False,False,False
106044006,BUTTE COUNTY MENTAL HEALTH - PHF,Butte,PHF,Non-Teaching,1 - 49,16,16,6.14754098360656,2250,311,5650688,5111033,-539655,False,False,True
106190125,CALIFORNIA HOSPITAL MEDICAL CENTER,Los Angeles,Comparable,Non-Teaching,300 - 499,318,208,207.644808743169,75998,14503,632788999,661535454,64877176,False,False,False
106384202,CALIFORNIA PACIFIC MEDICAL CENTER - MISSION BERNAL CAMPUS,San Francisco,Comparable,Non-Teaching,100 - 149,120,71,64.3907103825137,23567,5303,312143040,192315623,-108338890,False,False,True
106384176,CALIFORNIA PACIFIC MEDICAL CENTER - VAN NESS CAMPUS,San Francisco,Comparable,Non-Teaching,300 - 499,455,373,339.489071038251,124253,20415,1449868970,1419702742,81297365,False,False,False
106190155,CALIFORNIA REHABILITATION INSTITUTE,Los Angeles,Comparable,Non-Teaching,100 - 149,138,138,129.23497267759564,47300,3222,133986514,151411057,19392796,False,False,False
106364050,CANYON RIDGE HOSPITAL,San Bernardino,Comparable,Non-Teaching,150 - 199,157,150,139.256830601093,50968,6722,38007628,62252663,24061948,False,False,False
106190137,CASA COLINA HOSPITAL AND CENTER FOR HEALTH CARE,Los Angeles,Comparable,Non-Teaching,50 - 99,99,72,70.1939890710383,25691,2050,106657906,88299208,-10258625,False,False,True
106190045,CATALINA ISLAND MEDICAL CENTER,Los Angeles,Comparable,Rural,1 - 49,12,5,4.12021857923497,1508,33,18689918,13332805,285583,False,False,False
106190500,CEDARS-SINAI MARINA DEL REY HOSPITAL,Los Angeles,Comparable,Non-Teaching,100 - 149,133,75,52.7868852459016,19320,4493,186105823,166128952,-14624308,False,False,True
106190555,CEDARS-SINAI MEDICAL CENTER,Los Angeles,Comparable,Teaching,500 +,915,915,810.699453551912,296716,45014,4307171874,4386711562,1026972821,False,False,False
106190148,CENTINELA HOSPITAL MEDICAL CENTER,Los Angeles,Comparable,Non-Teaching,300 - 499,336,206,205.346994535519,75157,16043,277751953,318396186,42573981,False,False,False
106150820,"CENTRAL CALIFORNIA REHABILITATION HOSPITAL, LLC",Kern,Comparable,Non-Teaching,50 - 99,50,32,31.5546448087432,11549,787,26904387,25480629,-1417392,False,False,True
106105125,CENTRAL STAR PSYCHIATRIC HEALTH FACILITY,Fresno,PHF,Non-Teaching,1 - 49,16,16,10.7513661202186,3935,460,6047535,5922154,1983509,False,False,False
106500954,CENTRAL VALLEY SPECIALTY HOSPITAL,Stanislaus,Comparable,Non-Teaching,50 - 99,96,96,97.2404371584699,35590,464,63060204,84308439,23298254,False,False,False
106301140,CHAPMAN GLOBAL MEDICAL CENTER,Orange,Comparable,Non-Teaching,100 - 149,114,51,47.36338797814208,17335,1745,55648296,41023797,-14474536,False,False,True
106434051,CHILDREN'S HEALTHCARE ORGANIZATION OF NORTHERN CA - PEDIATRIC HOSPITAL,Santa Clara,Comparable,Non-Teaching,1 - 49,31,28,23.6612021857923,8660,24,12855529,16296585,3431027,False,False,False
106304113,CHILDREN'S HOSPITAL AT MISSION,Orange,Comparable,Non-Teaching,50 - 99,54,26,25.1912568306011,9220,1492,77253674,102904975,26545217,False,False,False
106190170,CHILDREN'S HOSPITAL LOS ANGELES,Los Angeles,Comparable,Non-Teaching,300 - 499,495,340,324.3633879781421,118717,18075,1807753594,1395809744,-42214365,False,False,True
106300032,CHILDREN'S HOSPITAL OF ORANGE COUNTY,Orange,Comparable,Non-Teaching,300 - 499,334,221,220.467213114754,80691,12253,1024010702,1101015601,114418795,False,False,False
106382715,CHINESE HOSPITAL,San Francisco,Comparable,Non-Teaching,50 - 99,88,33,32.7814207650273,11998,1157,154024094,109589658,-17967562,False,False,True
106361144,CHINO VALLEY MEDICAL CENTER,San Bernardino,Comparable,Non-Teaching,100 - 149,112,49,44.23497267759563,16190,4520,91720792,108889902,19215563,False,False,False
106314029,CIRBY HILLS BEHAVIORAL HEALTH - PHF,Placer,PHF,Non-Teaching,1 - 49,16,16,15.1775956284153,5555,239,5553888,5557640,1138,False,False,False
106190176,CITY OF HOPE HELFORD CLINICAL RESEARCH HOSPITAL,Los Angeles,Comparable,Non-Teaching,200 - 299,234,232,219.136612021858,80204,9268,2718712088,2592629960,210494048,False,False,False
106100005,CLOVIS COMMUNITY MEDICAL CENTER,Fresno,Comparable,Non-Teaching,300 - 499,352,314,309.472677595628,113267,21443,775584434,735751167,34153125,False,False,False
106100697,COALINGA REGIONAL MEDICAL CENTER,Fresno,Comparable,Rural,100 - 149,123,63,61.9644808743169,22679,380,57054844,41179557,-15492402,False,False,True
106105051,COALINGA STATE HOSPITAL,Fresno,State,Non-Teaching,500 +,1500,1450,1338.89890710383,490037,187,390780531,0,0,False,False,False
106190766,COAST PLAZA HOSPITAL,Los Angeles,Comparable,Non-Teaching,100 - 149,117,52,47.8224043715847,17503,3050,64476801,50590977,-13149064,False,False,True
106190184,COLLEGE HOSPITAL,Los Angeles,Comparable,Non-Teaching,150 - 199,187,178,177.44262295082,64944,3395,81501308,82913346,1711618,False,False,False
106301155,COLLEGE HOSPITAL COSTA MESA,Orange,Comparable,Non-Teaching,100 - 149,122,113,112.327868852459,41112,4195,89046306,120468042,32819501,False,False,False
106190587,COLLEGE MEDICAL CENTER,Los Angeles,Comparable,Non-Teaching,200 - 299,221,186,168.46174863387978,61657,7922,178572065,187926960,13209825,False,False,False
106361458,COLORADO RIVER MEDICAL CENTER,San Bernardino,Comparable,Rural,1 - 49,25,1,1.01639344262295,372,199,9526808,10196458,2228958,False,False,False
106060870,COLUSA MEDICAL CENTER,Colusa,Comparable,Rural,1 - 49,48,27,26.5,9699,742,36518081,41192237,5305023,False,False,False
106190197,COMMUNITY HOSPITAL OF HUNTINGTON PARK,Los Angeles,Comparable,Non-Teaching,50 - 99,81,42,38.7540983606557,14184,3872,68212954,74720825,6804801,False,False,False
106361323,COMMUNITY HOSPITAL OF SAN BERNARDINO,San Bernardino,Comparable,Non-Teaching,300 - 499,347,233,222.49726775956285,81434,12167,322802509,366744685,45035412,False,False,False
106270744,COMMUNITY HOSPITAL OF THE MONTEREY PENINSULA,Monterey,Comparable,Non-Teaching,200 - 299,286,212,202.833333333333,74237,14754,760485743,823342107,73728774,False,False,False
106270020,COMMUNITY HOSPITAL OF THE MONTEREY PENINSULA - OHANA,Monterey,Comparable,Non-Teaching,1 - 49,16,2,1.35245901639344,495,21,18731609,8299916,-6157102,False,False,True
106560501,COMMUNITY MEMORIAL HOSPITAL - OJAI,Ventura,Comparable,Rural,100 - 149,100,83,81.89617486338798,29974,587,54103628,44529233,-7870822,False,False,True
106560473,COMMUNITY MEMORIAL HOSPITAL OF SAN BUENAVENTURA,Ventura,Comparable,Non-Teaching,200 - 299,250,148,147.625683060109,54031,13684,592555384,585932798,35209941,False,False,False
106100717,COMMUNITY REGIONAL MEDICAL CENTER - FRESNO,Fresno,Comparable,Teaching,500 +,921,826,820.494535519126,300301,37703,1620424829,1643868936,279776907,False,False,False
106070924,CONTRA COSTA REGIONAL MEDICAL CENTER,Contra Costa,Comparable,Non-Teaching,150 - 199,167,114,112.94262295082,41337,7196,796580938,717157336,70961844,False,False,False
106331152,CORONA REGIONAL MEDICAL CENTER - MAIN,Riverside,Comparable,Non-Teaching,200 - 299,259,186,184.377049180328,67482,11049,263497466,273052148,11113810,False,False,False
106154160,CRESTWOOD PSYCHIATRIC HEALTH FACILITY - BAKERSFIELD,Kern,PHF,Non-Teaching,1 - 49,16,13,12.0355191256831,4405,326,5071287,4586363,291369,False,False,False
106344170,CRESTWOOD PSYCHIATRIC HEALTH FACILITY - CARMICHAEL,Sacramento,PHF,Non-Teaching,1 - 49,16,16,14.103825136612,5162,352,5045360,5277864,957790,False,False,False
106344188,CRESTWOOD PSYCHIATRIC HEALTH FACILITY - SACRAMENTO,Sacramento,PHF,Non-Teaching,1 - 49,16,16,14.5245901639344,5316,345,5763171,5436102,223440,False,False,False
106434220,CRESTWOOD PSYCHIATRIC HEALTH FACILITY - SAN JOSE,Santa Clara,PHF,Non-Teaching,1 - 49,16,15,13.3360655737705,4881,331,5869020,5835624,1121428,False,False,False
106484062,CRESTWOOD SOLANO PSYCHIATRIC HEALTH FACILITY,Solano,PHF,Non-Teaching,1 - 49,16,14,12.953551912568306,4741,339,5656318,5248446,820953,False,False,False
106390846,DAMERON HOSPITAL ASSOCIATION,San Joaquin,Comparable,Non-Teaching,200 - 299,202,34,33.9262295081967,12417,2937,158796395,118135040,-38380558,False,False,True
106190232,DEL AMO HOSPITAL,Los Angeles,Comparable,Non-Teaching,150 - 199,166,143,144.53825136612022,52901,6984,45470817,58647892,12913918,False,False,False
106331164,DESERT REGIONAL MEDICAL CENTER,Riverside,Comparable,Non-Teaching,300 - 499,385,287,285.5163934426229,104499,18176,650219258,706486521,60862476,False,False,False
106364144,DESERT VALLEY HOSPITAL,San Bernardino,Comparable,Non-Teaching,100 - 149,148,136,133.47267759562843,48851,12669,196597721,242203038,50957916,False,False,False
106190681,DOCS SURGICAL HOSPITAL,Los Angeles,Comparable,Non-Teaching,1 - 49,17,2,1.11325966850829,403,338,14117499,12747741,-1353518,False,False,True
106392287,DOCTORS HOSPITAL OF MANTECA,San Joaquin,Comparable,Non-Teaching,50 - 99,73,37,35.4071038251366,12959,2744,118186689,126552995,9106417,False,False,False
106331293,DOCTORS HOSPITAL OF RIVERSIDE,Riverside,Comparable,Non-Teaching,150 - 199,193,71,65.207650273224,23866,5537,138548677,129186418,-7486096,False,False,True
106500852,DOCTORS MEDICAL CENTER - MODESTO,Stanislaus,Comparable,Non-Teaching,300 - 499,461,347,341.5928961748634,125023,23287,752374577,724166982,-23267674,False,False,True
106440755,DOMINICAN HOSPITAL,Santa Cruz,Comparable,Non-Teaching,200 - 299,222,168,153.13934426229508,56049,10911,495125869,529233685,116748755,False,False,False
106190256,EAST LOS ANGELES DOCTOR'S HOSPITAL,Los Angeles,Comparable,Non-Teaching,100 - 149,127,56,51.54371584699454,18865,2772,76705572,73524661,-2497378,False,False,True
106320859,EASTERN PLUMAS HEALTH CARE,Plumas,Comparable,Rural,50 - 99,75,62,61.0737704918033,22353,141,40537606,41100958,2650487,False,False,False
106014233,EDEN MEDICAL CENTER,Alameda,Comparable,Non-Teaching,100 - 149,130,124,113.098360655738,41394,8688,435600377,466938504,54164629,False,False,False
106331168,EISENHOWER MEDICAL CENTER,Riverside,Comparable,Non-Teaching,300 - 499,437,221,217.360655737705,79554,23170,1240917560,1188772406,46125345,False,False,False
106430763,EL CAMINO HEALTH,Santa Clara,Comparable,Non-Teaching,300 - 499,466,338,307.953551912568,112711,22356,1277873255,1433256101,345406770,False,False,False
106130699,EL CENTRO REGIONAL MEDICAL CENTER,Imperial,Comparable,Non-Teaching,150 - 199,161,45,43.521857923497265,15929,3072,164158989,151052650,2978786,False,False,False
106190298,EMANATE HEALTH FOOTHILL PRESBYTERIAN HOSPITAL,Los Angeles,Comparable,Non-Teaching,100 - 149,105,81,76.6693989071038,28061,5444,134623455,140262050,11716710,False,False,False
106190413,EMANATE HEALTH INTER-COMMUNITY HOSPITAL,Los Angeles,Comparable,Non-Teaching,500 +,516,322,312.866120218579,114509,23379,604879192,598429405,20059156,False,False,False
106500867,EMANUEL MEDICAL CENTER,Stanislaus,Comparable,Non-Teaching,200 - 299,209,88,87.5300546448087,32036,8172,309167610,344852041,42068167,False,False,False
106190280,ENCINO HOSPITAL MEDICAL CENTER,Los Angeles,Comparable,Non-Teaching,100 - 149,148,60,59.6830601092896,21844,1927,60059924,56131334,-2353744,False,False,True
106154022,ENCOMPASS HEALTH REHABILITATION HOSPITAL OF BAKERSFIELD,Kern,Comparable,Non-Teaching,50 - 99,86,70,65.2377049180328,23877,1915,49615361,49385349,-119131,False,False,True
106504079,ENCOMPASS HEALTH REHABILITATION HOSPITAL OF MODESTO,Stanislaus,Comparable,Non-Teaching,50 - 99,50,42,41.431693989071,15164,1205,29360126,30754576,1065059,False,False,False
106334678,ENCOMPASS HEALTH REHABILITATION HOSPITAL OF MURRIETA,Riverside,Comparable,Non-Teaching,50 - 99,50,45,41.8087431693989,15302,1231,28478164,30132797,198497,False,False,False
106304585,ENCOMPASS HEALTH REHABILITATION HOSPITAL OF TUSTIN,Orange,Comparable,Non-Teaching,50 - 99,65,63,62.5546448087432,22895,1796,43465742,44403409,1017285,False,False,False
106040962,ENLOE HEALTH,Butte,Comparable,Non-Teaching,200 - 299,298,231,230.106557377049,84219,18699,937747093,984752566,74242810,False,False,False
106474007,FAIRCHILD MEDICAL CENTER,Siskiyou,Comparable,Rural,1 - 49,28,25,12.699453551912569,4648,1336,116410818,114997574,730522,False,False,False
106301357,FOOTHILL REGIONAL MEDICAL CENTER,Orange,Comparable,Non-Teaching,150 - 199,153,69,65.3825136612022,23930,4785,220768267,212660145,-2473316,False,False,True
106014034,FREMONT HOSPITAL,Alameda,Comparable,Non-Teaching,100 - 149,148,120,124.669398907104,45629,4958,56616083,84926730,29477968,False,False,False
106400480,FRENCH HOSPITAL MEDICAL CENTER - SAN LUIS OBISPO,San Luis Obispo,Comparable,Non-Teaching,50 - 99,98,60,54.9016393442623,20094,5226,226335851,246088629,26469192,False,False,False
106104047,FRESNO SURGICAL HOSPITAL,Fresno,Comparable,Non-Teaching,1 - 49,27,7,5.01366120218579,1835,938,99425178,120714451,21673701,False,False,False
106301283,GARDEN GROVE HOSPITAL AND MEDICAL CENTER,Orange,Comparable,Non-Teaching,150 - 199,167,38,37.9262295081967,13881,3156,77513144,60149488,-17028699,False,False,True
106190315,GARFIELD MEDICAL CENTER,Los Angeles,Comparable,Non-Teaching,200 - 299,210,132,127.69945355191257,46738,9080,330845801,310371864,-14184555,False,False,True
106190317,GATEWAYS HOSPITAL AND MENTAL HEALTH CENTER,Los Angeles,Comparable,Non-Teaching,50 - 99,55,42,41.5983606557377,15225,336,46832526,50189386,8459144,False,False,False
106270777,GEORGE L. MEE MEMORIAL HOSPITAL,Monterey,Comparable,Rural,50 - 99,61,38,35.9562841530055,13160,441,72604344,69929133,-143066,False,False,True
106190522,GLENDALE MEMORIAL HOSPITAL AND HEALTH CTR,Los Angeles,Comparable,Non-Teaching,300 - 499,304,132,131.207650273224,48022,10563,336596025,290608095,-41785920,False,False,True
106190328,GLENDORA HOSPITAL,Los Angeles,Comparable,Non-Teaching,50 - 99,63,63,61.11748633879782,22369,1632,23941490,25776605,1934735,False,False,False
106110889,GLENN MEDICAL CENTER,Glenn,Comparable,Rural,1 - 49,47,21,20.2896174863388,7426,117,36151411,27957438,-4977474,False,False,True
106420483,GOLETA VALLEY COTTAGE HOSPITAL,Santa Barbara,Comparable,Non-Teaching,1 - 49,48,9,8.0655737704918,2952,1139,105785537,129789018,40525879,False,False,False
106150775,GOOD SAMARITAN HOSPITAL - BAKERSFIELD,Kern,Comparable,Non-Teaching,50 - 99,64,32,32.8169398907104,12011,3152,54967330,52475496,954539,False,False,False
106430779,GOOD SAMARITAN HOSPITAL - SAN JOSE,Santa Clara,Comparable,Non-Teaching,300 - 499,474,235,231.92349726775956,84884,16149,671015282,771681332,154905487,False,False,False
106190352,GREATER EL MONTE COMMUNITY HOSPITAL,Los Angeles,Comparable,Non-Teaching,100 - 149,117,44,41.43715846994535,15166,1973,69171408,62563901,-5888191,False,False,True
106350784,HAZEL HAWKINS MEMORIAL HOSPITAL,San Benito,Comparable,Rural,100 - 149,144,107,104.131147540984,38112,2107,143606389,151940474,15687872,False,False,False
106490964,HEALDSBURG HOSPITAL,Sonoma,Comparable,Rural,1 - 49,43,28,22.9398907103825,8396,986,73508019,70794697,775766,False,False,False
106304159,HEALTHBRIDGE CHILDREN'S HOSPITAL - ORANGE,Orange,Comparable,Non-Teaching,1 - 49,27,22,21.1338797814208,7735,75,14771722,16479347,1767044,False,False,False
106331194,HEMET GLOBAL MEDICAL CENTER,Riverside,Comparable,Non-Teaching,300 - 499,417,126,118.36338797814207,43321,7389,186178725,178690273,-5423452,False,False,True
106190949,HENRY MAYO NEWHALL HOSPITAL,Los Angeles,Comparable,Non-Teaching,300 - 499,357,190,175.095628415301,64085,12011,413115991,427396412,44337490,False,False,False
106340041,HERITAGE OAKS ENRICHMENT CENTER - PHF,Sacramento,PHF,Non-Teaching,1 - 49,16,15,13.7650273224044,5038,266,5988619,5674968,325020,False,False,False
106344021,HERITAGE OAKS HOSPITAL,Sacramento,Comparable,Non-Teaching,100 - 149,133,125,117.743169398907,43094,3572,46398428,62136867,15052728,False,False,False
106362041,HI-DESERT MEDICAL CENTER,San Bernardino,Comparable,Rural,150 - 199,179,115,113.44535519125682,41521,2387,87024409,94912377,8568337,False,False,False
106010846,HIGHLAND HOSPITAL,Alameda,Comparable,Non-Teaching,300 - 499,475,387,381.42349726775956,139601,16014,1242596903,665839950,10689141,False,False,False
106301205,HOAG MEMORIAL HOSPITAL PRESBYTERIAN,Orange,Comparable,Non-Teaching,500 +,536,460,416.669398907104,152501,37270,1796123772,1736562021,365803920,False,False,False
106304460,HOAG ORTHOPEDIC INSTITUTE,Orange,Comparable,Non-Teaching,50 - 99,70,12,10.8606557377049,3975,1778,111822261,153496583,45079051,False,False,False
106190382,HOLLYWOOD PRESBYTERIAN MEDICAL CENTER,Los Angeles,Comparable,Non-Teaching,300 - 499,434,272,248.841530054645,91076,13509,523236499,500472918,-13624396,False,False,True
106301209,HUNTINGTON BEACH HOSPITAL,Orange,Comparable,Non-Teaching,100 - 149,131,64,64.0956284153005,23459,3207,75984583,64602186,-10686839,False,False,True
106190400,HUNTINGTON HOSPITAL,Los Angeles,Comparable,Non-Teaching,500 +,544,366,345.112021857923,126311,24700,854388792,781585932,-12147540,False,False,True
106121031,JEROLD PHELPS COMMUNITY HOSPITAL,Humboldt,Comparable,Rural,1 - 49,17,9,8.65027322404372,3166,63,27160147,17881735,8058800,False,False,False
106380842,JEWISH HOME & REHAB CENTER,San Francisco,LTC Emphasis,Non-Teaching,300 - 499,375,374,348.781420765027,127654,1421,104404850,94731179,-14137938,False,False,True
106220733,JOHN C. FREMONT HEALTHCARE DISTRICT,Mariposa,Comparable,Rural,1 - 49,34,24,20.5601092896175,7525,284,38816817,30904963,1453512,False,False,False
106331216,JOHN F. KENNEDY MEMORIAL HOSPITAL,Riverside,Comparable,Non-Teaching,100 - 149,145,49,46.8087431693989,17132,6645,156782827,153095016,-2921044,False,False,True
106074039,JOHN MUIR BEHAVIORAL HEALTH CENTER,Contra Costa,Comparable,Non-Teaching,50 - 99,73,53,50.4699453551913,18472,3089,48632837,40843520,-6611109,False,False,True
106071018,JOHN MUIR MEDICAL CENTER - CONCORD CAMPUS,Contra Costa,Comparable,Non-Teaching,200 - 299,276,175,159.210382513661,58271,11824,688245109,691743332,14755122,False,False,False
106070988,JOHN MUIR MEDICAL CENTER - WALNUT CREEK,Contra Costa,Comparable,Non-Teaching,500 +,554,295,286.4726775956284,104849,20460,1161143505,1159264756,87254963,False,False,False
106196404,JOYCE EISENBERG KEEFER MEDICAL CENTER,Los Angeles,LTC Emphasis,Non-Teaching,200 - 299,249,249,239.456284153005,87641,426,53979188,56614735,-13492784,False,False,True
106074097,KAISER FOUNDATION HOSPITAL - ANTIOCH,Contra Costa,Kaiser,Non-Teaching,150 - 199,150,95,92.2650273224044,33769,9263,531967154,542084480,75565964,False,False,False
106196035,KAISER FOUNDATION HOSPITAL - BALDWIN PARK,Los Angeles,Kaiser,Non-Teaching,200 - 299,271,127,124.49726775956285,45566,11495,719185041,679881177,42508248,False,False,False
106196403,KAISER FOUNDATION HOSPITAL - DOWNEY,Los Angeles,Kaiser,Non-Teaching,300 - 499,424,247,243.762295081967,89217,19039,1048959351,1016813735,80190689,False,False,False
106361223,KAISER FOUNDATION HOSPITAL - FONTANA,San Bernardino,Kaiser,Teaching,500 +,664,385,380.918032786885,139416,31837,1719586769,1653467924,160236863,False,False,False
106014132,KAISER FOUNDATION HOSPITAL - FREMONT,Alameda,Kaiser,Non-Teaching,100 - 149,100,65,63.6502732240437,23296,4666,358249467,350424742,30351791,False,False,False
106104062,KAISER FOUNDATION HOSPITAL - FRESNO,Fresno,Kaiser,Non-Teaching,150 - 199,169,82,80.0874316939891,29312,8050,543384309,501092199,70033604,False,False,False
106190429,KAISER FOUNDATION HOSPITAL - LOS ANGELES,Los Angeles,Kaiser,Teaching,500 +,560,395,389.918032786885,142710,25641,1275872199,1386748659,228744721,False,False,False
106394009,KAISER FOUNDATION HOSPITAL - MANTECA,San Joaquin,Kaiser,Non-Teaching,200 - 299,275,156,153.1639344262295,56058,14461,863898029,943616484,176556586,False,False,False
106334048,KAISER FOUNDATION HOSPITAL - MORENO VALLEY,Riverside,Kaiser,Non-Teaching,100 - 149,100,52,50.051912568306,18319,5175,278931362,306098897,29383491,False,False,False
106014326,KAISER FOUNDATION HOSPITAL - OAKLAND/RICHMOND,Alameda,Kaiser,Teaching,300 - 499,365,268,264.22677595628414,96707,20981,1399057866,1323674153,89080005,False,False,False
106304409,KAISER FOUNDATION HOSPITAL - ORANGE CO - ANAHEIM,Orange,Kaiser,Teaching,500 +,526,293,289.7185792349727,106037,26274,1272776681,1308756389,187453959,False,False,False
106190432,KAISER FOUNDATION HOSPITAL - PANORAMA CITY,Los Angeles,Kaiser,Non-Teaching,200 - 299,218,124,121.23497267759562,44372,11983,601614330,555514712,45105295,False,False,False
106414139,KAISER FOUNDATION HOSPITAL - REDWOOD CITY,San Mateo,Kaiser,Non-Teaching,150 - 199,153,73,70.1366120218579,25670,7679,482510450,440622133,21095215,False,False,False
106334025,KAISER FOUNDATION HOSPITAL - RIVERSIDE,Riverside,Kaiser,Non-Teaching,200 - 299,225,124,122.035519125683,44665,10468,818481613,603819140,-32377998,False,False,True
106314024,KAISER FOUNDATION HOSPITAL - ROSEVILLE,Placer,Kaiser,Non-Teaching,300 - 499,352,285,280.989071038251,102842,23191,1350884115,1320410607,184311827,False,False,False
106340913,KAISER FOUNDATION HOSPITAL - SACRAMENTO,Sacramento,Kaiser,Teaching,200 - 299,287,170,168.560109289617,61693,13905,948602946,898931906,117318991,False,False,False
106370730,KAISER FOUNDATION HOSPITAL - SAN DIEGO,San Diego,Kaiser,Teaching,500 +,621,264,260.510928961749,95347,23087,1432781104,1178458298,29605270,False,False,False
106380857,KAISER FOUNDATION HOSPITAL - SAN FRANCISCO,San Francisco,Kaiser,Teaching,200 - 299,239,163,160.01912568306,58567,11751,847549727,826568876,101239309,False,False,False
106431506,KAISER FOUNDATION HOSPITAL - SAN JOSE,Santa Clara,Kaiser,Teaching,200 - 299,247,134,132.314207650273,48427,12119,692743097,717419319,118944660,False,False,False
106014337,KAISER FOUNDATION HOSPITAL - SAN LEANDRO,Alameda,Kaiser,Non-Teaching,200 - 299,216,119,116.407103825137,42605,10894,727537028,681438142,34846368,False,False,False
106370028,KAISER FOUNDATION HOSPITAL - SAN MARCOS,San Diego,Kaiser,Non-Teaching,150 - 199,168,69,66.8360655737705,24462,7317,412154859,320090490,-89651247,False,False,True
106210992,KAISER FOUNDATION HOSPITAL - SAN RAFAEL,Marin,Kaiser,Non-Teaching,100 - 149,116,55,54.3360655737705,19887,4791,357218161,249785177,-39624264,False,False,True
106434153,KAISER FOUNDATION HOSPITAL - SANTA CLARA,Santa Clara,Kaiser,Teaching,300 - 499,343,266,262.814207650273,96190,17724,1301420488,1496098545,348535767,False,False,False
106494019,KAISER FOUNDATION HOSPITAL - SANTA ROSA,Sonoma,Kaiser,Non-Teaching,150 - 199,172,107,103.945355191257,38044,10056,563028571,520668675,38677174,False,False,False
106190431,KAISER FOUNDATION HOSPITAL - SOUTH BAY,Los Angeles,Kaiser,Non-Teaching,200 - 299,257,148,145.20218579235,53144,12563,681596811,650410398,42528940,False,False,False
106342344,KAISER FOUNDATION HOSPITAL - SOUTH SACRAMENTO,Sacramento,Kaiser,Teaching,200 - 299,241,180,177.483606557377,64959,14874,994975528,891934156,18767061,False,False,False
106410806,KAISER FOUNDATION HOSPITAL - SOUTH SAN FRANCISCO,San Mateo,Kaiser,Non-Teaching,100 - 149,120,73,71.3060109289617,26098,6115,355947662,348944452,39250624,False,False,False
106484044,KAISER FOUNDATION HOSPITAL - VACAVILLE,Solano,Kaiser,Non-Teaching,150 - 199,150,79,76.53551912568305,28012,6103,493462110,471338862,35634065,False,False,False
106070990,KAISER FOUNDATION HOSPITAL - WALNUT CREEK,Contra Costa,Kaiser,Non-Teaching,200 - 299,249,158,155.948087431694,57077,13266,864621175,767173857,21697823,False,False,False
106190434,KAISER FOUNDATION HOSPITAL - WEST LOS ANGELES,Los Angeles,Kaiser,Non-Teaching,200 - 299,265,119,116.72131147540983,42720,10409,644708708,560763982,3176571,False,False,False
106191450,KAISER FOUNDATION HOSPITAL - WOODLAND HILLS,Los Angeles,Kaiser,Non-Teaching,200 - 299,274,117,113.6775956284153,41606,10133,583404230,521493545,-4759869,False,False,True
106480989,KAISER FOUNDATION HOSPITAL REHABILITATION CENTER - VALLEJO,Solano,Kaiser,Non-Teaching,200 - 299,253,149,145.83333333333331,53375,8246,629045276,607200154,37459108,False,False,False
106015000,KAISER FOUNDATION NORTHERN REGION,Unknown,Kaiser,Non-Teaching,Unknown,0,0,0.0,0,0,14465420610,14087743886,2123717585,True,True,False
106191300,KAISER FOUNDATION SOUTHERN REGION,Unknown,Kaiser,Non-Teaching,Unknown,0,0,0.0,0,0,12434917990,10894487347,1722559208,True,True,False
106434218,KAISER PERMANENTE PHF - SANTA CLARA,Santa Clara,PHF,Non-Teaching,1 - 49,24,20,19.0819672131148,6984,747,20949075,18449472,-2485742,False,False,True
106540734,KAWEAH DELTA MEDICAL CENTER,Tulare,Comparable,Teaching,500 +,613,404,390.896174863388,143068,23504,857302673,788177748,21356827,False,False,False
106194219,KECK HOSPITAL OF USC,Los Angeles,Comparable,Teaching,300 - 499,401,249,247.53825136612025,90599,12205,1648014871,1613234134,-28756162,False,False,True
106190150,KEDREN COMMUNITY MENTAL HEALTH CENTER,Los Angeles,Comparable,Non-Teaching,50 - 99,72,57,56.6147540983607,20721,965,52878211,49193013,-3283750,False,False,True
106210993,KENTFIELD HOSPITAL,Marin,Comparable,Non-Teaching,100 - 149,120,97,96.2290076335878,25212,515,69852524,68228604,-1623916,False,False,True
106150736,KERN MEDICAL CENTER,Kern,Comparable,Teaching,200 - 299,222,163,154.92896174863387,56704,11244,540196390,481524652,5882051,False,False,False
106150737,KERN VALLEY HOSPITAL DISTRICT,Kern,Comparable,Rural,100 - 149,101,44,43.2377049180328,15825,300,34361593,31614221,-146487,False,False,True
106190049,KINDRED HOSPITAL - BALDWIN PARK,Los Angeles,Comparable,Non-Teaching,50 - 99,91,75,73.96994535519126,27073,873,52536309,66197886,14149627,False,False,False
106301127,KINDRED HOSPITAL - BREA,Orange,Comparable,Non-Teaching,50 - 99,86,80,77.8825136612022,28505,646,48957316,49340235,707038,False,False,False
106190449,KINDRED HOSPITAL - LA MIRADA,Los Angeles,Comparable,Non-Teaching,200 - 299,248,142,140.415300546448,51392,1584,110819141,113326145,3520044,False,False,False
106190305,KINDRED HOSPITAL - LOS ANGELES,Los Angeles,Comparable,Non-Teaching,50 - 99,81,42,41.58196721311475,15219,338,43143795,44313755,1616486,False,False,False
106361274,KINDRED HOSPITAL - ONTARIO,San Bernardino,Comparable,Non-Teaching,50 - 99,91,71,70.5054644808743,25805,487,62612157,58717165,-3421057,False,False,True
106190599,KINDRED HOSPITAL - PARAMOUNT,Los Angeles,Comparable,Non-Teaching,150 - 199,183,80,78.8306010928962,28852,879,69839929,73484780,4008878,False,False,False
106364188,KINDRED HOSPITAL - RANCHO,San Bernardino,Comparable,Non-Teaching,50 - 99,55,51,49.379781420765,18073,550,42562677,44545004,2633477,False,False,False
106332172,KINDRED HOSPITAL - RIVERSIDE,Riverside,Comparable,Non-Teaching,1 - 49,40,38,36.9672131147541,13530,350,31091052,31590286,752496,False,False,False
106370721,KINDRED HOSPITAL - SAN DIEGO,San Diego,Comparable,Non-Teaching,50 - 99,70,55,54.79234972677596,20054,401,43914255,39233462,-4354703,False,False,True
106010887,KINDRED HOSPITAL - SAN FRANCISCO BAY AREA,Alameda,Comparable,Non-Teaching,50 - 99,99,70,68.6885245901639,25140,335,68278938,66185559,-1617471,False,False,True
106190196,KINDRED HOSPITAL - SOUTH BAY,Los Angeles,Comparable,Non-Teaching,50 - 99,62,44,42.4590163934426,15540,530,37734088,33432719,-3973462,False,False,True
106301380,KINDRED HOSPITAL - WESTMINSTER,Orange,Comparable,Non-Teaching,100 - 149,109,84,82.42896174863388,30169,740,67166517,62939119,-3643104,False,False,True
106190661,L.A. DOWNTOWN MEDICAL CENTER,Los Angeles,Comparable,Non-Teaching,300 - 499,315,201,200.355191256831,73330,6591,123433308,146745288,26983883,False,False,False
106194981,LA CASA PSYCHIATRIC HEALTH FACILITY,Los Angeles,PHF,Non-Teaching,1 - 49,16,16,15.472677595628415,5663,38,4614654,7232727,2618405,False,False,False
106301234,LA PALMA INTERCOMMUNITY HOSPITAL,Orange,Comparable,Non-Teaching,100 - 149,138,49,47.931693989071,17543,3482,66289036,64555283,86181,False,False,False
106191227,LAC/HARBOR - UCLA MEDICAL CENTER,Los Angeles,Comparable,Teaching,300 - 499,453,304,299.3497267759563,109562,18811,1466774845,1425861431,497569588,False,False,False
106191231,LAC/OLIVE VIEW - UCLA MEDICAL CENTER,Los Angeles,Comparable,Teaching,300 - 499,355,189,184.57650273224,67555,11485,833446438,746813452,134588313,False,False,False
106191306,LAC/RANCHO LOS AMIGOS NATIONAL REHABILITATION CENTER,Los Angeles,Comparable,Non-Teaching,150 - 199,158,102,101.754098360656,37242,2575,371600474,408014037,290409508,False,False,False
106380865,LAGUNA HONDA HOSPITAL AND REHABILITATION CENTER,San Francisco,LTC Emphasis,Non-Teaching,500 +,780,459,456.48087431694,167072,614,323669047,135558018,-128527481,False,False,True
106304583,LAGUNA TREATMENT CENTER,Orange,Comparable,Non-Teaching,50 - 99,93,68,67.16666666666667,24583,1801,15809083,18372406,2563323,False,False,False
106380046,LANGLEY PORTER PSYCHIATRIC INSTITUTE,San Francisco,Comparable,Non-Teaching,50 - 99,56,23,19.4403669724771,6357,503,23663681,13731568,-9200726,False,False,True
106364502,LOMA LINDA UNIVERSITY CHILDREN'S HOSPITAL,San Bernardino,Comparable,Non-Teaching,300 - 499,364,241,238.68579234972677,87359,17820,655051716,690601149,41824581,False,False,False
106361246,LOMA LINDA UNIVERSITY MEDICAL CENTER,San Bernardino,Comparable,Teaching,500 +,571,503,495.344262295082,181296,29191,1728294011,1692986774,115579063,False,False,False
106334589,LOMA LINDA UNIVERSITY MEDICAL CENTER - MURRIETA,Riverside,Comparable,Non-Teaching,100 - 149,111,132,128.650273224044,47086,11131,339696377,313402507,-20543601,False,False,True
106420491,LOMPOC VALLEY MEDICAL CENTER,Santa Barbara,Comparable,Rural,150 - 199,170,125,114.17486338797815,41788,2541,158821673,154249592,7138572,False,False,False
106190198,LOS ANGELES COMMUNITY HOSPITAL,Los Angeles,Comparable,Non-Teaching,200 - 299,212,173,169.814207650273,62152,11103,316901202,314068028,-2370754,False,False,True
106191228,LOS ANGELES GENERAL MEDICAL CENTER,Los Angeles,Comparable,Teaching,500 +,676,470,461.669398907104,168971,29121,1878636632,1841468974,488049298,False,False,False
106560492,LOS ROBLES HOSPITAL AND MEDICAL CENTER,Ventura,Comparable,Non-Teaching,300 - 499,386,239,233.99453551912566,85642,16523,542951897,631076151,114694820,False,False,False
106434040,LUCILE SALTER PACKARD CHILDREN'S HOSPITAL AT STANFORD,Santa Clara,Comparable,Non-Teaching,300 - 499,394,314,285.729508196721,104577,15416,2578578529,2604252589,156061632,False,False,False
106121002,MAD RIVER COMMUNITY HOSPITAL,Humboldt,Comparable,Non-Teaching,50 - 99,78,42,10.2896174863388,3766,974,60492593,49506203,-10278879,False,False,True
106260011,MAMMOTH HOSPITAL,Mono,Comparable,Rural,1 - 49,17,4,3.3961748633879782,1243,466,99629849,105991849,22735949,False,False,False
106420493,MARIAN MEDICAL CENTER,Santa Barbara,Comparable,Non-Teaching,300 - 499,388,272,267.724043715847,97987,18038,747097563,870080787,137762269,False,False,False
106244027,MARIE GREEN PSYCHIATRIC CENTER - PHF,Merced,PHF,Non-Teaching,1 - 49,16,16,9.658469945355192,3535,457,6809603,12855098,6045495,False,False,False
106211006,MARINHEALTH MEDICAL CENTER,Marin,Comparable,Non-Teaching,300 - 499,327,150,137.508196721311,50328,10220,599959100,630908911,22994165,False,False,False
106050932,MARK TWAIN MEDICAL CENTER,Calaveras,Comparable,Rural,1 - 49,25,7,6.62841530054645,2426,781,84727354,84347241,997202,False,False,False
106090933,MARSHALL MEDICAL CENTER,El Dorado,Comparable,Rural,100 - 149,111,48,45.4398907103825,16631,4380,332993554,332660026,8800982,False,False,False
106191230,"MARTIN LUTHER KING, JR. COMMUNITY HOSPITAL",Los Angeles,Comparable,Non-Teaching,100 - 149,131,123,141.4617486338798,51775,9109,418339668,380195978,-10426129,False,False,True
106450936,MAYERS MEMORIAL HOSPITAL,Shasta,Comparable,Rural,100 - 149,115,93,84.6885245901639,30996,354,51022395,53660323,9108511,False,False,False
106240924,MEMORIAL HOSPITAL LOS BANOS,Merced,Comparable,Rural,1 - 49,38,16,14.2814207650273,5227,1881,91000207,130943997,43448938,False,False,False
106500939,MEMORIAL HOSPITAL MODESTO,Stanislaus,Comparable,Non-Teaching,300 - 499,419,325,294.934426229508,107946,22121,851359518,954332118,138382035,False,False,False
106190521,MEMORIAL HOSPITAL OF GARDENA,Los Angeles,Comparable,Non-Teaching,150 - 199,172,137,132.989071038251,48674,5777,184828744,206136828,20268818,False,False,False
106190525,MEMORIALCARE LONG BEACH MEDICAL CENTER,Los Angeles,Comparable,Teaching,300 - 499,453,310,282.4535519125683,103378,17106,792990187,825365493,41106843,False,False,False
106196168,MEMORIALCARE MILLER CHILDREN'S & WOMEN'S HOSPITAL LONG BEACH,Los Angeles,Comparable,Teaching,300 - 499,355,176,160.013661202186,58565,12914,532633894,454033372,-66066825,False,False,True
106300225,MEMORIALCARE ORANGE COAST MEDICAL CENTER,Orange,Comparable,Non-Teaching,200 - 299,221,163,148.95355191256832,54517,12256,489903571,516515295,31625989,False,False,False
106301317,MEMORIALCARE SADDLEBACK MEDICAL CENTER,Orange,Comparable,Non-Teaching,200 - 299,252,136,123.69945355191257,45274,11146,425265115,449362395,35490411,False,False,False
106334018,MENIFEE GLOBAL MEDICAL CENTER,Riverside,Comparable,Non-Teaching,50 - 99,84,44,40.0437158469945,14656,3329,63100959,48853017,-13867175,False,False,True
106340947,MERCY GENERAL HOSPITAL,Sacramento,Comparable,Non-Teaching,300 - 499,313,205,187.6584699453552,68683,14120,732995820,778710394,60424105,False,False,False
106150761,MERCY HOSPITAL - BAKERSFIELD,Kern,Comparable,Non-Teaching,200 - 299,229,134,122.207650273224,44728,11021,407231662,439128405,56277896,False,False,False
106344029,MERCY HOSPITAL - FOLSOM,Sacramento,Comparable,Non-Teaching,100 - 149,106,81,74.5,27267,7670,257378513,302472314,109931068,False,False,False
106240942,MERCY MEDICAL CENTER - MERCED,Merced,Comparable,Non-Teaching,150 - 199,186,140,127.398907103825,46628,10766,388851815,433584478,57451892,False,False,False
106470871,MERCY MEDICAL CENTER - MT. SHASTA,Siskiyou,Comparable,Rural,1 - 49,25,8,6.34426229508197,2322,778,70001405,76465675,10645835,False,False,False
106450949,MERCY MEDICAL CENTER - REDDING,Shasta,Comparable,Non-Teaching,200 - 299,266,188,184.095628415301,67379,13488,602177277,674194818,187063433,False,False,False
106340950,MERCY SAN JUAN MEDICAL CENTER,Sacramento,Comparable,Non-Teaching,300 - 499,384,295,275.456284153005,100817,20570,806907840,819066725,25734315,False,False,False
106013687,MERRITT PERALTA INSTITUTE CDRH,Alameda,Comparable,Non-Teaching,1 - 49,24,8,6.88251366120219,2519,219,5681037,5386252,-294575,False,False,True
106340951,METHODIST HOSPITAL - SACRAMENTO,Sacramento,Comparable,Non-Teaching,300 - 499,329,265,251.087431693989,91898,9862,381463353,378212257,3487356,False,False,False
106190958,METROPOLITAN STATE HOSPITAL,Los Angeles,State,Non-Teaching,500 +,1106,1042,821.2349726775956,300572,1601,394259038,394242269,0,False,False,False
106410852,MILLS-PENINSULA MEDICAL CENTER,San Mateo,Comparable,Non-Teaching,300 - 499,301,194,176.456284153005,64583,14191,863912125,896252550,66000856,False,False,False
106190524,MISSION COMMUNITY HOSPITAL - PANORAMA,Los Angeles,Comparable,Non-Teaching,100 - 149,145,119,112.77595628415301,41276,5653,194186710,175648480,-12229608,False,False,True
106254005,MODOC MEDICAL CENTER,Modoc,Comparable,Rural,50 - 99,58,55,52.58469945355191,19246,340,43176501,43441334,7906901,False,False,False
106190541,MONROVIA MEMORIAL HOSPITAL,Los Angeles,Comparable,Non-Teaching,1 - 49,49,23,22.620218579235,8279,408,23251242,25605043,2431376,False,False,False
106361166,MONTCLAIR HOSPITAL MEDICAL CENTER,San Bernardino,Comparable,Non-Teaching,100 - 149,122,30,30.3251366120219,11099,2919,58981507,61863426,5035462,False,False,False
106190547,MONTEREY PARK HOSPITAL,Los Angeles,Comparable,Non-Teaching,100 - 149,101,44,42.6256830601093,15601,3131,111711913,115279720,6112643,False,False,False
106190552,MOTION PICTURE AND TELEVISION HOSPITAL,Los Angeles,Comparable,Non-Teaching,200 - 299,277,199,193.808743169399,70934,242,66459821,33367302,8123869,False,False,False
106361266,MOUNTAINS COMMUNITY HOSPITAL,San Bernardino,Comparable,Rural,1 - 49,37,23,22.1475409836066,8106,271,37119831,34516389,3682474,False,False,False
106281266,NAPA STATE HOSPITAL,Napa,State,Non-Teaching,500 +,1418,1284,1093.13114754098,400086,855,480453560,480444127,0,False,False,False
106274043,NATIVIDAD MEDICAL CENTER,Monterey,Comparable,Non-Teaching,150 - 199,172,138,130.469945355191,47752,9023,419467901,408100521,6958780,False,False,False
106514033,NORTH VALLEY BEHAVIORAL HEALTH - PHF,Sutter,PHF,Non-Teaching,1 - 49,16,16,15.8661202185792,5807,138,6138634,6144320,2114,False,False,False
106481357,NORTHBAY MEDICAL CENTER,Solano,Comparable,Non-Teaching,200 - 299,204,140,134.885245901639,49368,10531,777761009,550674021,36816893,False,False,False
106141273,NORTHERN INYO HOSPITAL,Inyo,Comparable,Rural,1 - 49,25,8,5.937158469945355,2173,803,115925347,116704619,3003387,False,False,False
106190568,NORTHRIDGE HOSPITAL MEDICAL CENTER,Los Angeles,Comparable,Non-Teaching,300 - 499,394,241,228.254098360656,83541,15397,539769835,566550855,39867571,False,False,False
106214034,NOVATO COMMUNITY HOSPITAL,Marin,Comparable,Non-Teaching,1 - 49,47,19,17.5327868852459,6417,1908,107865567,114915893,9961036,False,False,False
106500967,OAK VALLEY HOSPITAL DISTRICT,Stanislaus,Comparable,Rural,150 - 199,150,100,90.5355191256831,33136,684,83265773,77162372,10060767,False,False,False
106198495,OCEAN VIEW PSYCHIATRIC HEALTH FACILITY,Los Angeles,PHF,Non-Teaching,50 - 99,79,27,27.3087431693989,9995,898,17349010,11002537,-6368386,False,False,True
106301566,ORANGE COUNTY GLOBAL MEDICAL CENTER,Orange,Comparable,Non-Teaching,200 - 299,256,153,139.368852459016,51009,9385,235955255,236651091,1531211,False,False,False
106040802,ORCHARD HOSPITAL,Butte,Comparable,Rural,1 - 49,24,17,16.6366120218579,6089,543,30111118,29644572,732877,False,False,False
106040937,OROVILLE HOSPITAL,Butte,Comparable,Non-Teaching,200 - 299,279,221,219.131147540984,80202,12362,406279336,413034971,32077055,False,False,False
106331226,PACIFIC GROVE HOSPITAL,Riverside,Comparable,Non-Teaching,50 - 99,68,66,65.6065573770492,24012,3114,25634082,28045026,2419402,False,False,False
106190696,PACIFICA HOSPITAL OF THE VALLEY,Los Angeles,Comparable,Non-Teaching,200 - 299,231,149,135.707650273224,49669,3006,117756017,111529382,2192131,False,False,False
106196405,PALMDALE REGIONAL MEDICAL CENTER,Los Angeles,Comparable,Non-Teaching,150 - 199,184,131,144.669398907104,52949,10192,287588023,274706384,-11478387,False,False,True
106331288,PALO VERDE HOSPITAL,Riverside,Comparable,Rural,1 - 49,25,4,3.65573770491803,1338,409,26696767,11570104,-14757137,False,False,True
106374382,PALOMAR MEDICAL CENTER,San Diego,Comparable,Non-Teaching,200 - 299,292,224,221.887978142076,81211,19076,592149272,573451157,368176,False,False,False
106370977,PALOMAR MEDICAL CENTER POWAY,San Diego,Comparable,Non-Teaching,150 - 199,182,158,156.475409836066,57270,5660,195030378,175725722,-4112227,False,False,True
106374572,PALOMAR REHABILITATION INSTITUTE,San Diego,Comparable,Non-Teaching,50 - 99,52,42,41.58743169398907,15221,1271,29606775,39689431,10171961,False,False,False
106370759,PARADISE VALLEY HOSPITAL,San Diego,Comparable,Non-Teaching,200 - 299,291,128,127.434426229508,46641,7417,154644189,157810490,11772452,False,False,False
106454013,PATIENTS' HOSPITAL OF REDDING,Shasta,Comparable,Non-Teaching,1 - 49,10,5,0.42896174863388,157,58,13507038,9544367,-3931102,False,False,True
106361768,PATTON STATE HOSPITAL,San Bernardino,State,Non-Teaching,500 +,1287,1315,1339.1393442622953,490125,1011,455214872,530311785,75097165,False,False,False
106491001,PETALUMA VALLEY HOSPITAL,Sonoma,Comparable,Non-Teaching,50 - 99,80,20,18.1338797814208,6637,1600,95309170,83561775,-11045227,False,False,True
106190243,PIH HEALTH DOWNEY HOSPITAL,Los Angeles,Comparable,Non-Teaching,150 - 199,199,88,84.4918032786885,30924,9092,220227132,218200327,40827100,False,False,False
106190392,PIH HEALTH GOOD SAMARITAN HOSPITAL,Los Angeles,Comparable,Non-Teaching,300 - 499,408,163,157.084699453552,57493,12261,405871102,359485334,-7824110,False,False,True
106190631,PIH HEALTH WHITTIER HOSPITAL,Los Angeles,Comparable,Non-Teaching,500 +,533,301,290.751366120219,106415,22884,890460987,868608547,149730173,False,False,False
106130760,PIONEERS MEMORIAL HEALTHCARE DISTRICT,Imperial,Comparable,Non-Teaching,200 - 299,206,131,130.745901639344,47853,5706,157751653,157855735,9738379,False,False,False
106320986,PLUMAS DISTRICT HOSPITAL,Plumas,Comparable,Rural,1 - 49,16,2,1.68306010928962,616,282,42301278,39238985,633621,False,False,False
106190630,POMONA VALLEY HOSPITAL MEDICAL CENTER,Los Angeles,Comparable,Non-Teaching,300 - 499,427,254,247.3579234972678,90533,21638,801567067,812200605,27156629,False,False,False
106541123,PORTERVILLE STATE HOSPITAL,Tulare,State,Non-Teaching,500 +,607,197,179.901639344262,65844,153,69586896,198292303,128721645,False,False,False
106190385,PROVIDENCE HOLY CROSS MEDICAL CENTER,Los Angeles,Comparable,Non-Teaching,300 - 499,378,288,263.601092896175,96478,16623,614110555,631826328,48925257,False,False,False
106190680,PROVIDENCE LITTLE COMPANY OF MARY MC - SAN PEDRO,Los Angeles,Comparable,Non-Teaching,300 - 499,356,209,191.562841530055,70112,7045,239376487,210180721,-26001469,False,False,True
106190470,PROVIDENCE LITTLE COMPANY OF MARY MC - TORRANCE,Los Angeles,Comparable,Non-Teaching,300 - 499,441,281,256.4617486338798,93865,17344,577571256,536884338,-26329955,False,False,True
106301262,PROVIDENCE MISSION HOSPITAL,Orange,Comparable,Non-Teaching,500 +,504,239,217.73497267759564,79691,18697,870892713,847307076,-14594381,False,False,True
106281047,PROVIDENCE QUEEN OF THE VALLEY MEDICAL CENTER,Napa,Comparable,Non-Teaching,150 - 199,198,68,61.9016393442623,22656,6084,353698823,342575327,1524617,False,False,False
106121051,PROVIDENCE REDWOOD MEMORIAL HOSPITAL,Humboldt,Comparable,Rural,1 - 49,20,12,10.7595628415301,3938,852,53097380,51117601,1073627,False,False,False
106491064,PROVIDENCE SANTA ROSA MEMORIAL HOSPITAL,Sonoma,Comparable,Non-Teaching,300 - 499,329,172,163.58196721311475,59871,11788,744353964,692970706,-32207683,False,False,True
106190756,PROVIDENCE ST. JOHN'S HEALTH CENTER,Los Angeles,Comparable,Non-Teaching,200 - 299,237,151,137.680327868852,50391,11722,538756596,464193612,-49738368,False,False,True
106301340,PROVIDENCE ST. JOSEPH HOSPITAL,Orange,Comparable,Non-Teaching,300 - 499,463,269,251.079234972678,91895,21374,968350834,915500527,-24983910,False,False,True
106121080,PROVIDENCE ST. JOSEPH HOSPITAL - EUREKA,Humboldt,Comparable,Non-Teaching,150 - 199,153,110,100.360655737705,36732,6776,392496328,383561926,-3863798,False,False,True
106190758,PROVIDENCE ST. JOSEPH MEDICAL CENTER,Los Angeles,Comparable,Non-Teaching,300 - 499,392,236,214.784153005465,78611,16232,561847020,577338757,30737344,False,False,False
106301342,PROVIDENCE ST. JUDE MEDICAL CENTER,Orange,Comparable,Non-Teaching,300 - 499,320,252,229.508196721311,84000,16031,947607829,909569684,-1000289,False,False,True
106361343,PROVIDENCE ST. MARY MEDICAL CENTER,San Bernardino,Comparable,Rural,200 - 299,213,167,155.505464480874,56915,12654,398516584,385668526,8686894,False,False,False
106190517,PROVIDENCE TARZANA MEDICAL CENTER,Los Angeles,Comparable,Non-Teaching,200 - 299,204,156,142.34699453551912,52099,13569,470139656,344958824,-106435817,False,False,True
106370673,RADY CHILDREN'S HOSPITAL - SAN DIEGO,San Diego,Comparable,Non-Teaching,500 +,505,331,301.196721311475,110238,19466,1219662828,1261937237,318135550,False,False,False
106361308,REDLANDS COMMUNITY HOSPITAL,San Bernardino,Comparable,Non-Teaching,200 - 299,211,123,123.161202185792,45077,10161,414335519,400055698,50435495,False,False,False
106430705,REGIONAL MEDICAL CENTER OF SAN JOSE,Santa Clara,Comparable,Non-Teaching,200 - 299,258,111,110.428961748634,40417,8084,509487276,365429191,-309897047,False,False,True
106334533,REHABILITATION HOSPITAL OF SOUTHERN CALIFORNIA,Riverside,Comparable,Non-Teaching,50 - 99,50,29,28.7841530054645,10535,783,23425584,23061824,-174743,False,False,True
106190930,RESNICK NEUROPSYCHIATRIC HOSPITAL AT UCLA,Los Angeles,Comparable,Non-Teaching,50 - 99,74,68,66.6830601092896,24406,1702,92834099,74042761,-26189302,False,False,True
106454068,RESTPADD PSYCHIATRIC HEALTH FACILITY,Shasta,PHF,Non-Teaching,1 - 49,16,16,14.6092896174863,5347,410,5685135,6121726,635331,False,False,False
106524017,RESTPADD RED BLUFF PSYCHIATRIC HEALTH FACILITY,Tehama,PHF,Non-Teaching,1 - 49,16,16,14.674863387978142,5371,424,5856127,6582366,812629,False,False,False
106150782,RIDGECREST REGIONAL HOSPITAL,Kern,Comparable,Rural,150 - 199,150,116,72.5027322404372,26536,1028,154227623,145154202,-3434963,False,False,True
106200030,RIVER VISTA BEHAVIORAL HEALTH,Madera,Comparable,Non-Teaching,100 - 149,128,59,45.5546448087432,16673,1472,24972433,23731856,-1239907,False,False,True
106331312,RIVERSIDE COMMUNITY HOSPITAL,Riverside,Comparable,Teaching,500 +,503,381,379.4945355191257,138895,28168,851659001,876125357,133594855,False,False,False
106334487,RIVERSIDE UNIVERSITY HEALTH SYSTEM MEDICAL CENTER,Riverside,Comparable,Teaching,300 - 499,439,418,349.478142076503,127909,21511,1031135183,947247041,-24986000,False,False,True
106190796,RONALD REAGAN UCLA MEDICAL CENTER,Los Angeles,Comparable,Teaching,300 - 499,446,503,493.344262295082,180564,22901,2864257743,2871058374,674050350,False,False,False
106344210,"SACRAMENTO BEHAVIORAL HEALTHCARE HOSPITAL, LLC",Sacramento,Comparable,Non-Teaching,100 - 149,117,101,100.937158469945,36943,1564,47749837,45545525,2858844,False,False,False
106344011,SACRAMENTO MENTAL HEALTH TREATMENT CENTER - PHF,Sacramento,PHF,Non-Teaching,50 - 99,50,50,45.5,16653,363,118601981,118601981,0,False,False,False
106341326,SACRAMENTO REHABILITATION HOSPITAL,Sacramento,Comparable,Non-Teaching,50 - 99,50,39,38.016393442623,13914,874,35826159,35550626,-253871,False,False,True
106270875,SALINAS VALLEY HEALTH MEDICAL CENTER,Monterey,Comparable,Non-Teaching,200 - 299,263,124,116.84699453551913,42766,11476,578231422,650401970,70699947,False,False,False
106361318,SAN ANTONIO REGIONAL HOSPITAL,San Bernardino,Comparable,Non-Teaching,300 - 499,363,237,216.904371584699,79387,17176,467890737,485594306,28748882,False,False,False
106374055,SAN DIEGO COUNTY PSYCHIATRIC HOSPITAL,San Diego,LTC Emphasis,Non-Teaching,300 - 499,301,208,204.459016393443,74832,1143,142900453,109799609,-23087472,False,False,True
106190673,SAN DIMAS COMMUNITY HOSPITAL,Los Angeles,Comparable,Non-Teaching,50 - 99,95,38,37.207650273224,13618,3033,71934311,69473749,-1102549,False,False,True
106190200,SAN GABRIEL VALLEY MEDICAL CENTER,Los Angeles,Comparable,Non-Teaching,200 - 299,273,152,139.303278688525,50985,6804,222058871,203845581,-15552903,False,False,True
106331326,SAN GORGONIO MEMORIAL HOSPITAL,Riverside,Comparable,Rural,50 - 99,79,25,21.6420765027322,7921,2105,104300863,91578791,13937674,False,False,False
106394003,SAN JOAQUIN - PHF,San Joaquin,PHF,Non-Teaching,1 - 49,16,16,14.7595628415301,5402,101,9180414,9180414,0,False,False,False
106391010,SAN JOAQUIN GENERAL HOSPITAL,San Joaquin,Comparable,Non-Teaching,150 - 199,196,140,135.13934426229508,49461,9498,480821834,444531262,14609627,False,False,False
106104023,SAN JOAQUIN VALLEY REHABILITATION HOSPITAL,Fresno,Comparable,Non-Teaching,50 - 99,62,62,57.5792349726776,21074,1613,46159032,48891151,2972741,False,False,False
106434032,SAN JOSE BEHAVIORAL HEALTH,Santa Clara,Comparable,Non-Teaching,100 - 149,133,118,117.51639344262296,43011,4296,59005168,86194089,27189185,False,False,False
106404046,SAN LUIS OBISPO COUNTY - PHF,San Luis Obispo,PHF,Non-Teaching,1 - 49,16,14,12.289617486338798,4498,629,5540320,4439527,241602,False,False,False
106410782,SAN MATEO MEDICAL CENTER,San Mateo,Comparable,Non-Teaching,300 - 499,448,314,311.6639344262295,114069,2667,465008034,464652951,99469514,False,False,False
106074017,SAN RAMON REGIONAL MEDICAL CENTER,Contra Costa,Comparable,Non-Teaching,100 - 149,123,44,40.7322404371585,14908,3468,183888615,185384935,-1356263,False,False,True
106420514,SANTA BARBARA COTTAGE HOSPITAL,Santa Barbara,Comparable,Teaching,500 +,519,303,273.1639344262295,99978,19439,946691077,940897800,139000867,False,False,False
106424002,SANTA BARBARA PSYCHIATRIC HEALTH FACILITY,Santa Barbara,PHF,Non-Teaching,1 - 49,16,16,14.6092896174863,5347,299,12617661,3423143,0,False,False,False
106430883,SANTA CLARA VALLEY MEDICAL CENTER,Santa Clara,Comparable,Teaching,500 +,1142,649,613.74043715847,224629,35527,3361562745,2794422709,30026067,False,False,False
106190687,SANTA MONICA - UCLA MEDICAL CENTER AND ORTHOPAEDIC HOSPITAL,Los Angeles,Comparable,Teaching,200 - 299,281,249,235.210382513661,86087,14798,804304078,870082228,64681168,False,False,False
106420522,SANTA YNEZ VALLEY COTTAGE HOSPITAL,Santa Barbara,Comparable,Rural,1 - 49,11,8,1.32513661202186,485,158,29084148,30597171,7932733,False,False,False
106371256,SCRIPPS GREEN HOSPITAL,San Diego,Comparable,Non-Teaching,150 - 199,173,98,87.63934426229508,32076,7092,389625799,470068086,98618081,False,False,False
106371394,SCRIPPS MEMORIAL HOSPITAL - ENCINITAS,San Diego,Comparable,Non-Teaching,150 - 199,187,167,152.94535519125682,55978,14441,428267073,513607122,100796510,False,False,False
106370771,SCRIPPS MEMORIAL HOSPITAL - LA JOLLA,San Diego,Comparable,Non-Teaching,300 - 499,426,302,294.3469945355191,107731,22727,920455755,1162136382,282529841,False,False,False
106370744,SCRIPPS MERCY HOSPITAL,San Diego,Comparable,Teaching,500 +,655,452,438.756830601093,160585,30682,1259928803,1260187870,46809392,False,False,False
106374094,SELECT SPECIALTY HOSPITAL - SAN DIEGO,San Diego,Comparable,Non-Teaching,100 - 149,110,87,84.0765027322404,30772,628,78497350,73155534,-5098054,False,False,True
106124004,SEMPERVIRENS P.H.F.,Humboldt,PHF,Non-Teaching,1 - 49,16,16,14.289617486338798,5230,226,11200723,11200723,0,False,False,False
106321016,SENECA HEALTHCARE DISTRICT,Plumas,Comparable,Rural,1 - 49,26,25,14.4890710382514,5303,52,22164550,20773299,1782289,False,False,False
106410891,SEQUOIA HOSPITAL,San Mateo,Comparable,Non-Teaching,200 - 299,208,52,47.0983606557377,17238,4694,334834996,319641654,3415379,False,False,False
106370875,SHARP CHULA VISTA MEDICAL CENTER,San Diego,Comparable,Non-Teaching,300 - 499,449,359,338.245901639344,123798,19471,664800470,630170819,109677038,False,False,False
106370689,SHARP CORONADO HOSPITAL AND HEALTHCARE CENTER,San Diego,Comparable,Non-Teaching,150 - 199,181,126,112.090163934426,41025,3036,170278052,176843907,43025938,False,False,False
106370714,SHARP GROSSMONT HOSPITAL,San Diego,Comparable,Non-Teaching,500 +,542,428,391.98633879781426,143467,29036,1038479753,995668101,140533823,False,False,False
106374049,SHARP MCDONALD CENTER,San Diego,Comparable,Non-Teaching,1 - 49,16,9,7.51366120218579,2750,220,4868928,6652017,3251362,False,False,False
106370694,SHARP MEMORIAL HOSPITAL,San Diego,Comparable,Non-Teaching,500 +,862,659,455.387978142076,166672,31775,1332572064,1420135336,405755220,False,False,False
106370745,SHARP MESA VISTA HOSPITAL,San Diego,Comparable,Non-Teaching,150 - 199,160,110,99.8142076502732,36532,4212,105726635,74670069,-10108181,False,False,True
106450940,SHASTA REGIONAL MEDICAL CENTER,Shasta,Comparable,Non-Teaching,200 - 299,226,80,80.4535519125683,29446,6303,184787608,168094562,-15149133,False,False,True
106190708,SHERMAN OAKS HOSPITAL,Los Angeles,Comparable,Non-Teaching,150 - 199,153,82,84.99453551912569,31108,4753,103830214,112514427,10151952,False,False,False
106344114,SHRINERS HOSPITAL FOR CHILDREN - NORTHERN CALIFORNIA,Sacramento,Other Non-Comparable,Non-Teaching,50 - 99,80,21,21.7896174863388,7975,1069,125657036,34067378,-47226988,False,False,True
106291023,SIERRA NEVADA MEMORIAL HOSPITAL,Nevada,Comparable,Rural,100 - 149,104,53,48.61748633879782,17794,4426,191895578,211249910,42728230,False,False,False
106540798,SIERRA VIEW MEDICAL CENTER,Tulare,Comparable,Non-Teaching,150 - 199,163,96,87.5655737704918,32049,5234,172164932,156856136,3250620,False,False,False
106342392,SIERRA VISTA HOSPITAL,Sacramento,Comparable,Non-Teaching,150 - 199,171,171,162.4945355191257,59473,5161,55167797,78469852,22968962,False,False,False
106490040,SONOMA COUNTY HEALING CENTER - PHF,Sonoma,Comparable,Non-Teaching,1 - 49,16,15,13.2950819672131,4866,204,7034443,5312811,-481926,False,False,True
106491338,SONOMA SPECIALTY HOSPITAL,Sonoma,Comparable,Rural,50 - 99,58,55,54.89617486338798,20092,422,49503799,58979339,9647713,False,False,False
106491076,SONOMA VALLEY HOSPITAL,Sonoma,Comparable,Non-Teaching,50 - 99,51,36,34.224043715847,12526,928,71964602,63660004,5268957,False,False,False
106301258,SOUTH COAST GLOBAL MEDICAL CENTER,Orange,Comparable,Non-Teaching,150 - 199,178,66,60.5273224043716,22153,2230,72448465,49077545,-23125740,False,False,True
106190380,SOUTHERN CALIFORNIA HOSPITAL AT HOLLYWOOD,Los Angeles,Comparable,Non-Teaching,500 +,569,332,322.765027322404,118132,19407,509081384,505792848,-2167402,False,False,True
106141338,SOUTHERN INYO HOSPITAL,Inyo,Comparable,Rural,1 - 49,37,32,31.7568306010929,11623,77,19322237,15499592,-2040958,False,False,True
106334068,SOUTHWEST HEALTHCARE SYSTEM - MURRIETA,Riverside,Comparable,Non-Teaching,200 - 299,242,195,194.237704918033,71091,18064,438044819,460702887,30994484,False,False,False
106100899,ST. AGNES MEDICAL CENTER,Fresno,Comparable,Teaching,300 - 499,436,315,314.800546448087,115217,25759,694358484,605102511,-75819803,False,False,True
106361339,ST. BERNARDINE MEDICAL CENTER,San Bernardino,Comparable,Teaching,300 - 499,342,222,202.133879781421,73981,15478,523901070,541011323,21932713,False,False,False
106521041,ST. ELIZABETH COMMUNITY HOSPITAL,Tehama,Comparable,Rural,50 - 99,76,29,26.4918032786885,9696,3055,159592621,181283500,48152183,False,False,False
106190754,ST. FRANCIS MEDICAL CENTER,Los Angeles,Comparable,Non-Teaching,300 - 499,354,243,242.907103825137,88904,16064,384576223,488327677,107368386,False,False,False
106380960,ST. FRANCIS MEMORIAL HOSPITAL,San Francisco,Comparable,Non-Teaching,200 - 299,294,71,64.8790931989924,25757,3781,284702551,338383742,-13581683,False,False,True
106560529,ST. JOHN'S REGIONAL MEDICAL CENTER,Ventura,Comparable,Non-Teaching,300 - 499,385,271,268.6748633879782,98335,14410,653156083,647332483,4657193,False,False,False
106392232,ST. JOSEPH'S BEHAVIORAL HEALTH CENTER,San Joaquin,Comparable,Non-Teaching,1 - 49,35,33,31.051912568306,11365,1477,25733941,22141721,-2820918,False,False,True
106391042,ST. JOSEPH'S MEDICAL CENTER OF STOCKTON,San Joaquin,Comparable,Teaching,300 - 499,355,287,261.065573770492,95550,19492,766545078,828229353,112942103,False,False,False
106190053,ST. MARY MEDICAL CENTER - LONG BEACH,Los Angeles,Comparable,Teaching,300 - 499,307,176,175.97267759562843,64406,10484,477335251,437605533,-22459620,False,False,True
106380965,ST. MARY'S MEDICAL CENTER - SAN FRANCISCO,San Francisco,Comparable,Teaching,200 - 299,275,77,70.4005037783375,27949,4864,329163807,213998175,-301569902,False,False,True
106010967,ST. ROSE HOSPITAL,Alameda,Comparable,Non-Teaching,150 - 199,171,38,35.0765027322404,12838,3337,141896039,111592015,-5829963,False,False,True
106514005,STABLER LANE BEHAVIORAL HEALTH - PHF,Sutter,PHF,Non-Teaching,1 - 49,16,16,15.6693989071038,5735,246,6115934,6123220,4801,False,False,False
106430905,STANFORD HEALTH CARE,Santa Clara,Comparable,Teaching,500 +,643,735,693.3196721311476,253755,35951,7233159447,7778059667,1054972585,False,False,False
106014050,STANFORD HEALTH CARE TRI-VALLEY,Alameda,Comparable,Non-Teaching,200 - 299,242,104,99.79234972677595,36524,7984,522306988,530590249,14330188,False,False,False
106504038,STANISLAUS SURGICAL HOSPITAL,Stanislaus,Comparable,Non-Teaching,1 - 49,23,1,1.46303501945525,376,218,22469274,14453690,-4177674,False,False,True
106194967,STAR VIEW ADOLESCENT - PHF,Los Angeles,PHF,Non-Teaching,1 - 49,16,16,10.2896174863388,3766,43,6411810,4280551,12023008,False,False,False
106394128,STOCKTON REGIONAL REHABILITATION HOSPITAL,San Joaquin,Comparable,Non-Teaching,50 - 99,50,35,34.0819672131148,12474,785,31461154,26236582,-5212853,False,False,True
106250955,SURPRISE VALLEY COMMUNITY HOSPITAL,Modoc,Comparable,Rural,1 - 49,26,26,21.1338797814208,7735,31,10744598,6996645,-599908,False,False,True
106514001,SUTTER - YUBA - PHF,Sutter,PHF,Non-Teaching,1 - 49,16,16,3.62841530054645,1328,219,7397189,2782744,0,False,False,False
106034002,SUTTER AMADOR HOSPITAL,Amador,Comparable,Rural,50 - 99,52,27,24.7732240437158,9067,2377,104924331,110618253,8780467,False,False,False
106310791,SUTTER AUBURN FAITH HOSPITAL,Placer,Comparable,Non-Teaching,50 - 99,64,41,37.2622950819672,13638,3648,164476153,176244128,16802992,False,False,False
106344017,SUTTER CENTER FOR PSYCHIATRY,Sacramento,Comparable,Non-Teaching,50 - 99,73,62,56.49726775956284,20678,2582,53963924,44164905,-8128014,False,False,True
106084001,SUTTER COAST HOSPITAL,Del Norte,Comparable,Rural,1 - 49,49,27,24.8087431693989,9080,2090,111379333,121413905,13004718,False,False,False
106574010,SUTTER DAVIS HOSPITAL,Yolo,Comparable,Non-Teaching,50 - 99,57,41,37.1448087431694,13595,4350,180053734,206540159,31666257,False,False,False
106070934,SUTTER DELTA MEDICAL CENTER,Contra Costa,Comparable,Non-Teaching,100 - 149,141,75,68.9125683060109,25222,6373,252477420,257714410,11969293,False,False,False
106171395,SUTTER LAKESIDE HOSPITAL,Lake,Comparable,Rural,1 - 49,25,21,19.827868852459016,7257,1703,104189418,116796681,15995778,False,False,False
106444012,SUTTER MATERNITY AND SURGERY CENTER OF SANTA CRUZ,Santa Cruz,Comparable,Non-Teaching,1 - 49,28,6,5.6775956284153,2078,822,89498691,93115224,6166821,False,False,False
106341051,SUTTER MEDICAL CENTER - SACRAMENTO,Sacramento,Comparable,Non-Teaching,500 +,523,468,425.751366120219,155825,32174,1732552446,1826705448,141533104,False,False,False
106311000,SUTTER ROSEVILLE MEDICAL CENTER,Placer,Comparable,Non-Teaching,300 - 499,382,398,360.046448087432,131777,28708,1073341756,1146923652,104477588,False,False,False
106494106,SUTTER SANTA ROSA REGIONAL HOSPITAL,Sonoma,Comparable,Non-Teaching,100 - 149,124,108,98.3005464480874,35978,8807,501574784,493324697,14633893,False,False,False
106481094,SUTTER SOLANO MEDICAL CENTER,Solano,Comparable,Non-Teaching,100 - 149,106,57,51.8989071038251,18995,3850,186534847,182481800,1058363,False,False,False
106514030,SUTTER SURGICAL HOSPITAL - NORTH VALLEY,Sutter,Comparable,Non-Teaching,1 - 49,14,2,1.90710382513661,698,274,51245396,39324019,2737919,False,False,False
106391056,SUTTER TRACY COMMUNITY HOSPITAL,San Joaquin,Comparable,Non-Teaching,50 - 99,77,37,33.7595628415301,12356,3718,172030514,220719780,54017573,False,False,False
106291053,TAHOE FOREST HOSPITAL,Nevada,Comparable,Rural,50 - 99,62,50,45.16393442622951,16530,1572,285668330,287885460,27157535,False,False,False
106190782,TARZANA TREATMENT CENTER,Los Angeles,Comparable,Non-Teaching,50 - 99,60,45,43.7868852459016,16026,2781,16446223,16188632,37593394,False,False,False
106094002,TELECARE EL DORADO COUNTY P.H.F.,El Dorado,PHF,Non-Teaching,1 - 49,16,12,11.71584699453552,4288,347,5752210,5888071,135410,False,False,False
106014207,TELECARE HERITAGE - PHF,Alameda,PHF,Non-Teaching,1 - 49,26,20,18.2459016393443,6678,1165,12614438,12511108,-102323,False,False,True
106334457,TELECARE RIVERSIDE COUNTY PSYCHIATRIC HEALTH FACILITY,Riverside,PHF,Non-Teaching,1 - 49,16,16,14.8306010928962,5428,589,5998255,6174824,176569,False,False,False
106444029,TELECARE SANTA CRUZ - PHF,Santa Cruz,PHF,Non-Teaching,1 - 49,16,15,13.685792349726777,5009,387,9278970,9851858,572900,False,False,False
106504081,TELECARE STANISLAUS COUNTY - PHF,Stanislaus,PHF,Non-Teaching,1 - 49,16,14,13.0437158469945,4774,395,6166412,7022394,855982,False,False,False
106014226,TELECARE WILLOW ROCK CENTER - PHF,Alameda,PHF,Non-Teaching,1 - 49,16,8,7.70765027322404,2821,653,7634604,8152837,518260,False,False,False
106334564,TEMECULA VALLEY HOSPITAL,Riverside,Comparable,Non-Teaching,100 - 149,140,125,124.270491803279,45483,9252,288128979,306542368,31053553,False,False,False
106330120,THE BETTY FORD CENTER,Riverside,Comparable,Non-Teaching,100 - 149,100,80,74.9344262295082,27426,1592,36879275,26404563,-8962590,False,False,True
106191225,TOM REDGATE MEMORIAL RECOVERY CENTER,Los Angeles,Comparable,Non-Teaching,50 - 99,63,44,42.3142076502732,15487,873,5504093,6143766,646235,False,False,False
106190422,TORRANCE MEMORIAL MEDICAL CENTER,Los Angeles,Comparable,Non-Teaching,500 +,585,384,364.35792349726773,133355,26759,886471169,846486444,50847104,False,False,False
106364451,TOTALLY KIDS REHABILITATION HOSPITAL,San Bernardino,Comparable,Non-Teaching,50 - 99,81,67,60.6775956284153,22208,177,35796389,33583753,-2211922,False,False,True
106370780,TRI-CITY MEDICAL CENTER,San Diego,Comparable,Non-Teaching,300 - 499,386,114,113.959016393443,41709,7658,329262142,279599838,-25093516,False,False,True
106531059,TRINITY HOSPITAL,Trinity,Comparable,Rural,1 - 49,38,23,18.7404371584699,6859,217,31374895,36524649,5785295,False,False,False
106301175,UCI HEALTH-FOUNTAIN VALLEY,Orange,Comparable,Non-Teaching,300 - 499,400,218,216.3125,20766,3779,124339908,73698642,-50500054,False,False,True
106190240,UCI HEALTH-LAKEWOOD,Los Angeles,Comparable,Non-Teaching,150 - 199,172,143,142.64583333333331,13694,2285,80642374,62537426,-18010791,False,False,True
106301248,UCI HEALTH-LOS ALAMITOS,Orange,Comparable,Non-Teaching,150 - 199,172,140,139.94791666666666,13435,2195,70542433,70977030,980984,False,False,False
106301297,UCI HEALTH-PLACENTIA LINDA,Orange,Comparable,Non-Teaching,100 - 149,114,33,30.7708333333333,2954,814,39546850,28099316,-11366526,False,False,True
106190859,UCLA WEST VALLEY MEDICAL CENTER,Los Angeles,Comparable,Non-Teaching,200 - 299,260,112,109.446808510638,10288,1930,72685119,30579015,-46777557,False,False,True
106010776,UCSF BENIOFF CHILDREN'S HOSPITAL OAKLAND,Alameda,Comparable,Non-Teaching,150 - 199,163,120,109.07650273224,39922,7386,805244135,820672959,96837082,False,False,False
106381154,UCSF MEDICAL CENTER,San Francisco,Comparable,Teaching,500 +,887,752,744.464480874317,272474,36780,5948483163,6169074406,414296977,False,False,False
106341006,UNIVERSITY OF CALIFORNIA DAVIS MEDICAL CENTER,Sacramento,Comparable,Teaching,500 +,651,666,581.5437158469946,212845,33722,3862983798,3850128631,127106312,False,False,False
106301279,UNIVERSITY OF CALIFORNIA IRVINE MEDICAL CENTER,Orange,Comparable,Teaching,300 - 499,459,414,405.213114754098,148308,24793,2213050881,2085589583,-1518324,False,False,True
106370782,UNIVERSITY OF CALIFORNIA SAN DIEGO MEDICAL CENTER,San Diego,Comparable,Teaching,500 +,1101,735,692.609289617486,253495,37718,3516948269,3666947861,292430925,False,False,False
106190529,USC ARCADIA HOSPITAL,Los Angeles,Comparable,Non-Teaching,300 - 499,324,221,182.89344262295083,66939,12852,372654176,321839258,-27375453,False,False,True
106191216,USC KENNETH NORRIS JR. CANCER HOSPITAL,Los Angeles,Comparable,Non-Teaching,50 - 99,60,47,45.8224043715847,16771,1598,536161295,650619082,116208740,False,False,False
106190818,USC VERDUGO HILLS HOSPITAL,Los Angeles,Comparable,Non-Teaching,150 - 199,158,86,81.5027322404372,29830,5757,234511636,161982201,-68588008,False,False,True
106204019,VALLEY CHILDREN'S HOSPITAL,Madera,Comparable,Non-Teaching,300 - 499,358,205,194.204918032787,71079,10333,826353396,810438133,182700595,False,False,False
106190812,VALLEY PRESBYTERIAN HOSPITAL,Los Angeles,Comparable,Non-Teaching,300 - 499,350,220,200.729508196721,73467,13658,561201860,543262472,34251006,False,False,False
106560481,VENTURA COUNTY MEDICAL CENTER,Ventura,Comparable,Non-Teaching,200 - 299,272,181,167.109289617486,61162,11101,547314357,516754659,17590760,False,False,False
106454012,VIBRA HOSPITAL OF NORTHERN CALIFORNIA,Shasta,Comparable,Non-Teaching,50 - 99,88,77,72.2459016393443,26442,801,43365968,48054703,4876172,False,False,False
106344035,VIBRA HOSPITAL OF SACRAMENTO,Sacramento,Comparable,Non-Teaching,50 - 99,58,52,48.4207650273224,17722,355,45554051,55585642,10226683,False,False,False
106361370,VICTOR VALLEY GLOBAL MEDICAL CENTER,San Bernardino,Comparable,Rural,100 - 149,101,52,48.0027322404372,17569,5080,89801961,105269047,15768476,False,False,False
106010987,WASHINGTON HOSPITAL - FREMONT,Alameda,Comparable,Non-Teaching,300 - 499,415,161,157.882513661202,57785,12098,601052810,574683315,32716414,False,False,False
106444013,WATSONVILLE COMMUNITY HOSPITAL,Santa Cruz,Comparable,Non-Teaching,100 - 149,106,34,32.6092896174863,11935,3256,144313836,139100697,2793165,False,False,False
106301379,WEST ANAHEIM MEDICAL CENTER,Orange,Comparable,Non-Teaching,200 - 299,219,110,132.120218579235,48356,7460,154564473,161392229,8756480,False,False,False
106190883,WHITTIER HOSPITAL MEDICAL CENTER,Los Angeles,Comparable,Non-Teaching,100 - 149,148,79,77.3251366120219,28301,5739,126956490,123883109,-2115876,False,False,True
106571086,WOODLAND MEMORIAL HOSPITAL,Yolo,Comparable,Non-Teaching,100 - 149,105,65,60.5546448087432,22163,4455,231177312,239547721,10781230,False,False,False
106380939,ZUCKERBERG SAN FRANCISCO GENERAL HOSPITAL & TRAUMA CENTER,San Francisco,Comparable,Teaching,300 - 499,395,305,302.846994535519,110842,15660,1415535473,963983886,-154391311,False,False,True
